{"resourceId":58913,"properties":{"process_id":"sample","name":"sample","documentation":"","process_author":"","process_version":"","process_namespace":"http://www.activiti.org/processdef","executionlisteners":"","eventlisteners":"","signaldefinitions":"","messagedefinitions":"","executionvariables":"","metadata":""},"stencil":{"id":"BPMNDiagram"},"childShapes":[{"resourceId":"startEvent1","properties":{"overrideid":"","name":"","documentation":"","executionlisteners":"","initiator":"","formkeydefinition":"","formreference":{"id":58724,"name":"sample","referenceId":null,"variablesmapping":[]},"fieldstovariables":"","formproperties":""},"stencil":{"id":"StartNoneEvent"},"childShapes":[],"outgoing":[{"resourceId":"sid-ECBC6830-D26F-485B-9D22-3C42DF97AF08"}],"bounds":{"lowerRight":{"x":130,"y":150},"upperLeft":{"x":100,"y":120}},"dockers":[]},{"resourceId":"sid-7E3D3E61-47F9-4069-BFAD-5555045E5663","properties":{"overrideid":"","name":"","documentation":"","asynchronousdefinition":"false","exclusivedefinition":"false","executionlisteners":"","multiinstance_type":"None","multiinstance_cardinality":"","multiinstance_collection":"","multiinstance_variable":"","multiinstance_condition":"","isforcompensation":"false","usertasksendemail":true,"usertaskassignment":"","formkeydefinition":"","formreference":{"id":58724,"name":"sample","referenceId":null,"variablesmapping":[]},"fieldstovariables":"","duedatedefinition":"","prioritydefinition":"","categorydefinition":"","formproperties":"","tasklisteners":"","emailtemplate":""},"stencil":{"id":"UserTask"},"childShapes":[],"outgoing":[{"resourceId":"sid-5DEB06F6-8FC3-4736-88EF-9AF3DD6F6237"}],"bounds":{"lowerRight":{"x":275,"y":175},"upperLeft":{"x":175,"y":95}},"dockers":[]},{"resourceId":"sid-ECBC6830-D26F-485B-9D22-3C42DF97AF08","properties":{"overrideid":"","name":"","documentation":"","conditionsequenceflow":"","executionlisteners":"","defaultflow":"false"},"stencil":{"id":"SequenceFlow"},"childShapes":[],"outgoing":[{"resourceId":"sid-7E3D3E61-47F9-4069-BFAD-5555045E5663"}],"bounds":{"lowerRight":{"x":174.15625,"y":135},"upperLeft":{"x":130.609375,"y":135}},"dockers":[{"x":15,"y":15},{"x":50,"y":40}],"target":{"resourceId":"sid-7E3D3E61-47F9-4069-BFAD-5555045E5663"}},{"resourceId":"sid-400CDAD7-8296-46E1-B191-A6E1E9444659","properties":{"overrideid":"","name":"","documentation":"","executionlisteners":""},"stencil":{"id":"EndNoneEvent"},"childShapes":[],"outgoing":[],"bounds":{"lowerRight":{"x":348,"y":149},"upperLeft":{"x":320,"y":121}},"dockers":[]},{"resourceId":"sid-5DEB06F6-8FC3-4736-88EF-9AF3DD6F6237","properties":{"overrideid":"","name":"","documentation":"","conditionsequenceflow":"","executionlisteners":"","defaultflow":"false"},"stencil":{"id":"SequenceFlow"},"childShapes":[],"outgoing":[{"resourceId":"sid-400CDAD7-8296-46E1-B191-A6E1E9444659"}],"bounds":{"lowerRight":{"x":319.375,"y":135},"upperLeft":{"x":275.390625,"y":135}},"dockers":[{"x":50,"y":40},{"x":14,"y":14}],"target":{"resourceId":"sid-400CDAD7-8296-46E1-B191-A6E1E9444659"}}],"bounds":{"lowerRight":{"x":1200,"y":1050},"upperLeft":{"x":0,"y":0}},"stencilset":{"url":"stencilsets/bpmn2.0/bpmn2.0.json","namespace":"http://b3mn.org/stencilset/bpmn2.0#"},"ssextensions":[]}