<?xml version='1.0' encoding='UTF-8'?>
<definitions xmlns="http://www.omg.org/spec/BPMN/20100524/MODEL" xmlns:xsi="http://www.w3.org/2001/XMLSchema-instance" xmlns:xsd="http://www.w3.org/2001/XMLSchema" xmlns:activiti="http://activiti.org/bpmn" xmlns:bpmndi="http://www.omg.org/spec/BPMN/20100524/DI" xmlns:omgdc="http://www.omg.org/spec/DD/20100524/DC" xmlns:omgdi="http://www.omg.org/spec/DD/20100524/DI" typeLanguage="http://www.w3.org/2001/XMLSchema" expressionLanguage="http://www.w3.org/1999/XPath" targetNamespace="http://www.activiti.org/processdef" xmlns:modeler="http://activiti.com/modeler" modeler:version="1.0en" modeler:exportDateTime="20200813154130398" modeler:modelId="58913" modeler:modelVersion="3" modeler:modelLastUpdated="1597330788380">
  <process id="sample" name="sample" isExecutable="true">
    <startEvent id="startEvent1" activiti:formKey="58724">
      <extensionElements>
        <modeler:form-reference-id><![CDATA[58724]]></modeler:form-reference-id>
        <modeler:form-reference-name><![CDATA[sample]]></modeler:form-reference-name>
        <modeler:editor-resource-id><![CDATA[startEvent1]]></modeler:editor-resource-id>
      </extensionElements>
    </startEvent>
    <userTask id="sid-7E3D3E61-47F9-4069-BFAD-5555045E5663" activiti:assignee="$INITIATOR" activiti:formKey="58724">
      <extensionElements>
        <modeler:allow-send-email><![CDATA[true]]></modeler:allow-send-email>
        <modeler:form-reference-id><![CDATA[58724]]></modeler:form-reference-id>
        <modeler:form-reference-name><![CDATA[sample]]></modeler:form-reference-name>
        <modeler:activiti-idm-initiator><![CDATA[true]]></modeler:activiti-idm-initiator>
        <modeler:editor-resource-id><![CDATA[sid-7E3D3E61-47F9-4069-BFAD-5555045E5663]]></modeler:editor-resource-id>
      </extensionElements>
    </userTask>
    <sequenceFlow id="sid-ECBC6830-D26F-485B-9D22-3C42DF97AF08" sourceRef="startEvent1" targetRef="sid-7E3D3E61-47F9-4069-BFAD-5555045E5663">
      <extensionElements>
        <modeler:editor-resource-id><![CDATA[sid-ECBC6830-D26F-485B-9D22-3C42DF97AF08]]></modeler:editor-resource-id>
      </extensionElements>
    </sequenceFlow>
    <endEvent id="sid-400CDAD7-8296-46E1-B191-A6E1E9444659">
      <extensionElements>
        <modeler:editor-resource-id><![CDATA[sid-400CDAD7-8296-46E1-B191-A6E1E9444659]]></modeler:editor-resource-id>
      </extensionElements>
    </endEvent>
    <sequenceFlow id="sid-5DEB06F6-8FC3-4736-88EF-9AF3DD6F6237" sourceRef="sid-7E3D3E61-47F9-4069-BFAD-5555045E5663" targetRef="sid-400CDAD7-8296-46E1-B191-A6E1E9444659">
      <extensionElements>
        <modeler:editor-resource-id><![CDATA[sid-5DEB06F6-8FC3-4736-88EF-9AF3DD6F6237]]></modeler:editor-resource-id>
      </extensionElements>
    </sequenceFlow>
  </process>
  <bpmndi:BPMNDiagram id="BPMNDiagram_sample">
    <bpmndi:BPMNPlane bpmnElement="sample" id="BPMNPlane_sample">
      <bpmndi:BPMNShape bpmnElement="startEvent1" id="BPMNShape_startEvent1">
        <omgdc:Bounds height="30.0" width="30.0" x="100.0" y="120.0"/>
      </bpmndi:BPMNShape>
      <bpmndi:BPMNShape bpmnElement="sid-7E3D3E61-47F9-4069-BFAD-5555045E5663" id="BPMNShape_sid-7E3D3E61-47F9-4069-BFAD-5555045E5663">
        <omgdc:Bounds height="80.0" width="100.0" x="175.0" y="95.0"/>
      </bpmndi:BPMNShape>
      <bpmndi:BPMNShape bpmnElement="sid-400CDAD7-8296-46E1-B191-A6E1E9444659" id="BPMNShape_sid-400CDAD7-8296-46E1-B191-A6E1E9444659">
        <omgdc:Bounds height="28.0" width="28.0" x="320.0" y="121.0"/>
      </bpmndi:BPMNShape>
      <bpmndi:BPMNEdge bpmnElement="sid-ECBC6830-D26F-485B-9D22-3C42DF97AF08" id="BPMNEdge_sid-ECBC6830-D26F-485B-9D22-3C42DF97AF08">
        <omgdi:waypoint x="130.0" y="135.0"/>
        <omgdi:waypoint x="175.0" y="135.0"/>
      </bpmndi:BPMNEdge>
      <bpmndi:BPMNEdge bpmnElement="sid-5DEB06F6-8FC3-4736-88EF-9AF3DD6F6237" id="BPMNEdge_sid-5DEB06F6-8FC3-4736-88EF-9AF3DD6F6237">
        <omgdi:waypoint x="275.0" y="135.0"/>
        <omgdi:waypoint x="320.0" y="135.0"/>
      </bpmndi:BPMNEdge>
    </bpmndi:BPMNPlane>
  </bpmndi:BPMNDiagram>
</definitions>